train_accuracy,test_accuracy
76.31944197302396,78.36298932384342
78.95298765080608,79.81494661921708
80.14164205131856,80.68327402135232
81.18438378589985,81.36654804270462
81.77515214064557,81.3950177935943
